{"cameraMode":{"drawMode":0,"name":"Shaded","section":"Shading Mode"},"sceneLighting":true,"audioPlay":false,"sceneViewState":{"showFog":true,"showMaterialUpdate":false,"showSkybox":true,"showFlares":true,"showImageEffects":true,"showParticleSystems":true},"in2DMode":false,"pivot":{"x":-0.28327327966690066,"y":11.134223937988282,"z":1.968367338180542},"rotation":{"x":-0.07818414270877838,"y":-0.006866594776511192,"z":0.000539847300387919,"w":-0.9969151020050049},"size":54.74220657348633,"orthographic":false}