{"cameraMode":{"drawMode":0,"name":"Shaded","section":"Shading Mode"},"sceneLighting":true,"audioPlay":false,"sceneViewState":{"showFog":true,"showMaterialUpdate":false,"showSkybox":true,"showFlares":true,"showImageEffects":true,"showParticleSystems":true},"in2DMode":false,"pivot":{"x":0.24548283219337464,"y":0.6684646606445313,"z":1.8493270874023438},"rotation":{"x":-0.03474262356758118,"y":0.03058939427137375,"z":-0.0010625924915075303,"w":-0.9989275336265564},"size":0.6203982830047607,"orthographic":false}