{"cameraMode":{"drawMode":0,"name":"Shaded","section":"Shading Mode"},"sceneLighting":true,"audioPlay":false,"sceneViewState":{"showFog":true,"showMaterialUpdate":false,"showSkybox":true,"showFlares":true,"showImageEffects":true,"showParticleSystems":true},"in2DMode":false,"pivot":{"x":-0.15998074412345887,"y":5.9304938316345219,"z":1.2810128927230836},"rotation":{"x":-0.06472000479698181,"y":0.00510308938100934,"z":-0.00033959175925701857,"w":-0.9978904128074646},"size":10.069878578186036,"orthographic":false}