{"cameraMode":{"drawMode":0,"name":"Shaded","section":"Shading Mode"},"sceneLighting":true,"audioPlay":false,"sceneViewState":{"showFog":true,"showMaterialUpdate":false,"showSkybox":true,"showFlares":true,"showImageEffects":true,"showParticleSystems":true},"in2DMode":false,"pivot":{"x":4.377162933349609,"y":1.2811003923416138,"z":38.96214294433594},"rotation":{"x":-0.02422766014933586,"y":-0.05484239012002945,"z":0.0013224332360550762,"w":-0.9982001781463623},"size":46.25481414794922,"orthographic":false}