{"cameraMode":{"drawMode":0,"name":"Shaded","section":"Shading Mode"},"sceneLighting":false,"audioPlay":false,"sceneViewState":{"showFog":true,"showMaterialUpdate":false,"showSkybox":true,"showFlares":true,"showImageEffects":true,"showParticleSystems":true},"in2DMode":false,"pivot":{"x":899.5599975585938,"y":800.1190185546875,"z":0.0},"rotation":{"x":-0.0017658928409218789,"y":0.005114459432661533,"z":-0.00001749872899381444,"w":-0.99998539686203},"size":0.39159104228019717,"orthographic":false}